{
  "val_before": {
    "eval_loss": 1.9589242935180664,
    "eval_model_preparation_time": 0.0,
    "eval_precision": 0.016409266409266408,
    "eval_recall": 0.054243777919591576,
    "eval_f1": 0.025196383577886467,
    "eval_runtime": 5.2586,
    "eval_samples_per_second": 38.033,
    "eval_steps_per_second": 19.017
  },
  "test_before": {
    "eval_loss": 1.9627728462219238,
    "eval_model_preparation_time": 0.0,
    "eval_precision": 0.016987757426212394,
    "eval_recall": 0.056627649478013284,
    "eval_f1": 0.02613520221930209,
    "eval_runtime": 4.8386,
    "eval_samples_per_second": 41.334,
    "eval_steps_per_second": 20.667
  },
  "val_after": {
    "eval_loss": 0.5369466543197632,
    "eval_model_preparation_time": 0.0,
    "eval_precision": 0.6025721455457967,
    "eval_recall": 0.6129546904913848,
    "eval_f1": 0.6077190762416957,
    "eval_runtime": 5.1197,
    "eval_samples_per_second": 39.065,
    "eval_steps_per_second": 19.532,
    "epoch": 10.0
  },
  "test_after": {
    "eval_loss": 0.5277402400970459,
    "eval_model_preparation_time": 0.0,
    "eval_precision": 0.617402431222009,
    "eval_recall": 0.6105662764947801,
    "eval_f1": 0.6139653252743758,
    "eval_runtime": 5.1664,
    "eval_samples_per_second": 38.711,
    "eval_steps_per_second": 19.356,
    "epoch": 10.0
  },
  "test_after_noise_aware": {
    "eval_loss": 0.5270984172821045,
    "eval_model_preparation_time": 0.0,
    "eval_precision": 0.6163977609483042,
    "eval_recall": 0.6007702182284981,
    "eval_f1": 0.6084836665041443,
    "eval_runtime": 5.1712,
    "eval_samples_per_second": 38.676,
    "eval_steps_per_second": 19.338,
    "epoch": 10.0
  }
}