{
  "val_before": {
    "eval_loss": 1.9757879972457886,
    "eval_model_preparation_time": 0.002,
    "eval_precision": 0.02664820903270462,
    "eval_recall": 0.08105263157894736,
    "eval_f1": 0.04010938924339106,
    "eval_runtime": 21.5449,
    "eval_samples_per_second": 9.283,
    "eval_steps_per_second": 4.641
  },
  "test_before": {
    "eval_loss": 1.9650311470031738,
    "eval_model_preparation_time": 0.002,
    "eval_precision": 0.025809163514081548,
    "eval_recall": 0.08134605193428723,
    "eval_f1": 0.039185653200587145,
    "eval_runtime": 21.1306,
    "eval_samples_per_second": 9.465,
    "eval_steps_per_second": 4.732
  },
  "val_after": {
    "eval_loss": 0.4665569067001343,
    "eval_model_preparation_time": 0.002,
    "eval_precision": 0.6403508771929824,
    "eval_recall": 0.7492105263157894,
    "eval_f1": 0.690516614115935,
    "eval_runtime": 21.4509,
    "eval_samples_per_second": 9.324,
    "eval_steps_per_second": 4.662,
    "epoch": 10.0
  },
  "test_after": {
    "eval_loss": 0.44694915413856506,
    "eval_model_preparation_time": 0.002,
    "eval_precision": 0.6492999770484278,
    "eval_recall": 0.7496025437201908,
    "eval_f1": 0.6958553683433771,
    "eval_runtime": 21.2921,
    "eval_samples_per_second": 9.393,
    "eval_steps_per_second": 4.697,
    "epoch": 10.0
  },
  "test_after_noise_aware": {
    "eval_loss": 0.44450700283050537,
    "eval_model_preparation_time": 0.002,
    "eval_precision": 0.6506417736289382,
    "eval_recall": 0.7470525187566989,
    "eval_f1": 0.6955220157166023,
    "eval_runtime": 21.5047,
    "eval_samples_per_second": 9.3,
    "eval_steps_per_second": 4.65,
    "epoch": 10.0
  }
}