{
  "val_before": {
    "eval_loss": 2.1508066654205322,
    "eval_model_preparation_time": 0.003,
    "eval_precision": 0.03216745197535339,
    "eval_recall": 0.11662286465177397,
    "eval_f1": 0.05042613636363636,
    "eval_runtime": 4.8452,
    "eval_samples_per_second": 41.278,
    "eval_steps_per_second": 20.639
  },
  "test_before": {
    "eval_loss": 2.148954391479492,
    "eval_model_preparation_time": 0.003,
    "eval_precision": 0.032778218345228656,
    "eval_recall": 0.12046632124352331,
    "eval_f1": 0.05153425226847683,
    "eval_runtime": 4.467,
    "eval_samples_per_second": 44.773,
    "eval_steps_per_second": 22.387
  },
  "val_after": {
    "eval_loss": 0.4516233801841736,
    "eval_model_preparation_time": 0.003,
    "eval_precision": 0.6395894428152493,
    "eval_recall": 0.716491458607096,
    "eval_f1": 0.6758599318252247,
    "eval_runtime": 4.5229,
    "eval_samples_per_second": 44.22,
    "eval_steps_per_second": 22.11,
    "epoch": 10.0
  },
  "test_after": {
    "eval_loss": 0.4229646921157837,
    "eval_model_preparation_time": 0.003,
    "eval_precision": 0.6617210682492581,
    "eval_recall": 0.7221502590673575,
    "eval_f1": 0.6906162898730257,
    "eval_runtime": 4.484,
    "eval_samples_per_second": 44.604,
    "eval_steps_per_second": 22.302,
    "epoch": 10.0
  },
  "test_after_noise_aware": {
    "eval_loss": 0.4207009971141815,
    "eval_model_preparation_time": 0.003,
    "eval_precision": 0.6642771804062126,
    "eval_recall": 0.7277486910994765,
    "eval_f1": 0.6945658963148031,
    "eval_runtime": 4.5835,
    "eval_samples_per_second": 43.634,
    "eval_steps_per_second": 21.817,
    "epoch": 10.0
  }
}